 20.00, -1, -1, -1, -1, -1, -1, -1, -1, -1, -1, -1, -1, -1, 1, -1, -1, -1, -1, -1, -1, 
 20.05, -1, -1, -1, -1, -1, -1, -1, 200, -1, -1, -1, -1, -1, 1, -1, -1, -1, -1, -1, -1, 
 20.10, -1, -1, -1, -1, -1, -1, -1, 200, -1, -1, -1, -1, 2, 1, -1, -1, -1, -1, -1, -1, 
 20.15, -1, -1, -1, -1, -1, -1, -1, 200, -1, -1, -1, 4, 2, 1, -1, -1, -1, -1, -1, -1, 
 20.20, -1, -1, -1, -1, -1, -1, -1, 200, -1, -1, -1, 4, 2, 1, -1, -1, 6, -1, -1, -1, 
 20.25, -1, -1, -1, -1, -1, 198, -1, 200, -1, -1, -1, 4, 2, 1, -1, -1, 6, -1, -1, -1, 
 20.30, -1, -1, -1, -1, -1, 198, 196, 200, -1, -1, -1, 4, 2, 1, -1, -1, 6, -1, -1, -1, 
 20.35, -1, -1, -1, -1, -1, 198, 196, 200, -1, -1, -1, 4, 8, 1, -1, -1, 6, -1, -1, -1, 
 20.40, -1, -1, -1, -1, 194, 198, 196, 200, -1, -1, -1, 4, 8, 1, -1, -1, 6, -1, -1, -1, 
 20.45, -1, -1, -1, -1, 194, 198, 196, 192, -1, -1, -1, 4, 8, 1, -1, -1, 6, -1, -1, -1, 
 20.50, -1, -1, -1, -1, 194, 198, 196, 192, -1, 190, -1, 4, 8, 1, -1, -1, 6, -1, -1, -1, 
 20.55, -1, -1, -1, -1, 194, 198, 196, 192, -1, 190, -1, 4, 8, 1, -1, -1, 10, -1, -1, -1, 
 20.60, -1, -1, 188, -1, 194, 198, 196, 192, -1, 190, -1, 4, 8, 1, -1, -1, 10, -1, -1, -1, 
 20.65, -1, -1, 188, -1, 194, 198, 196, 192, -1, 190, -1, 4, 8, 1, -1, -1, 10, -1, -1, 12, 
 20.70, -1, -1, 188, -1, 194, 198, 196, 192, -1, 190, 14, 4, 8, 1, -1, -1, 10, -1, -1, 12, 
 20.75, -1, -1, 188, -1, 194, 198, 196, 192, -1, 190, 14, 4, 8, 1, -1, -1, 10, -1, 16, 12, 
 20.80, -1, -1, 188, -1, 194, 198, 196, 192, -1, 186, 14, 4, 8, 1, -1, -1, 10, -1, 16, 12, 
 20.85, -1, -1, 188, -1, 194, 198, 196, 192, -1, 186, 14, 4, 8, 1, -1, -1, 10, -1, 16, 18, 
 20.90, -1, -1, 188, -1, 194, 198, 196, 192, -1, 186, 14, 4, 8, 1, -1, 20, 10, -1, 16, 18, 
 20.95, 184, -1, 188, -1, 194, 198, 196, 192, -1, 186, 14, 4, 8, 1, -1, 20, 10, -1, 16, 18, 
 21.00, 184, -1, 188, -1, 194, 182, 196, 192, -1, 186, 14, 4, 8, 1, -1, 20, 10, -1, 16, 18, 
 21.05, 184, -1, 180, -1, 194, 182, 196, 192, -1, 186, 14, 4, 8, 1, -1, 20, 10, -1, 16, 18, 
 21.10, 184, -1, 180, -1, 194, 182, 196, 192, -1, 186, 14, 4, 8, 1, -1, 20, 10, -1, 16, 22, 
 21.15, 184, -1, 180, -1, 194, 182, 196, 192, -1, 186, 14, 4, 8, 1, -1, 20, 10, -1, 24, 22, 
 21.20, 184, -1, 180, -1, 194, 182, 178, 192, -1, 186, 14, 4, 8, 1, -1, 20, 10, -1, 24, 22, 
 21.25, 184, -1, 180, -1, 194, 176, 178, 192, -1, 186, 14, 4, 8, 1, -1, 20, 10, -1, 24, 22, 
 21.30, 184, -1, 180, -1, 194, 176, 178, 192, -1, 186, 14, 4, 8, 1, -1, 20, 10, -1, 24, 26, 
 21.35, 184, -1, 174, -1, 194, 176, 178, 192, -1, 186, 14, 4, 8, 1, -1, 20, 10, -1, 24, 26, 
 21.40, 184, -1, 174, -1, 194, 172, 178, 192, -1, 186, 14, 4, 8, 1, -1, 20, 10, -1, 24, 26, 
 21.45, 184, -1, 174, -1, 194, 172, 178, 192, -1, 170, 14, 4, 8, 1, -1, 20, 10, -1, 24, 26, 
 21.50, 184, -1, 174, 168, 194, 172, 178, 192, -1, 170, 14, 4, 8, 1, -1, 20, 10, -1, 24, 26, 
 21.55, 184, -1, 174, 168, 194, 166, 178, 192, -1, 170, 14, 4, 8, 1, -1, 20, 10, -1, 24, 26, 
 21.60, 184, -1, 174, 168, 194, 166, 178, 192, -1, 170, 14, 4, 8, 1, -1, 28, 10, -1, 24, 26, 
 21.65, 184, -1, 174, 164, 194, 166, 178, 192, -1, 170, 14, 4, 8, 1, -1, 28, 10, -1, 24, 26, 
 21.70, 184, -1, 174, 164, 194, 166, 178, 192, 162, 170, 14, 4, 8, 1, -1, 28, 10, -1, 24, 26, 
 21.75, 184, -1, 174, 164, 194, 166, 178, 192, 162, 170, 14, 4, 8, 30, -1, 28, 10, -1, 24, 26, 
 21.80, 184, -1, 174, 164, 194, 166, 178, 192, 162, 170, 14, 4, 8, 30, 32, 28, 10, -1, 24, 26, 
 21.85, 184, -1, 174, 164, 194, 166, 178, 192, 162, 160, 14, 4, 8, 30, 32, 28, 10, -1, 24, 26, 
 21.90, 184, -1, 158, 164, 194, 166, 178, 192, 162, 160, 14, 4, 8, 30, 32, 28, 10, -1, 24, 26, 
 21.95, 184, -1, 158, 164, 194, 166, 178, 192, 162, 160, 14, 4, 8, 30, 32, 28, 10, -1, 34, 26, 
 22.00, 184, -1, 158, 156, 194, 166, 178, 192, 162, 160, 14, 4, 8, 30, 32, 28, 10, -1, 34, 26, 
 22.05, 184, -1, 158, 156, 154, 166, 178, 192, 162, 160, 14, 4, 8, 30, 32, 28, 10, -1, 34, 26, 
 22.10, 184, -1, 158, 156, 154, 166, 178, 192, 162, 160, 14, 4, 8, 30, 32, 28, 10, -1, 34, 36, 
 22.15, 184, 152, 158, 156, 154, 166, 178, 192, 162, 160, 14, 4, 8, 30, 32, 28, 10, -1, 34, 36, 
 22.20, 184, 152, 158, 156, 154, 166, 178, 192, 150, 160, 14, 4, 8, 30, 32, 28, 10, -1, 34, 36, 
 22.25, 184, 152, 148, 156, 154, 166, 178, 192, 150, 160, 14, 4, 8, 30, 32, 28, 10, -1, 34, 36, 
 22.30, 184, 152, 148, 156, 154, 166, 178, 192, 150, 160, 14, 4, 8, 30, 32, 28, 38, -1, 34, 36, 
 22.35, 184, 152, 148, 156, 146, 166, 178, 192, 150, 160, 14, 4, 8, 30, 32, 28, 38, -1, 34, 36, 
 22.40, 184, 152, 148, 156, 146, 166, 178, 192, 150, 160, 14, 4, 8, 30, 40, 28, 38, -1, 34, 36, 
 22.45, 184, 152, 148, 156, 146, 166, 178, 192, 150, 160, 42, 4, 8, 30, 40, 28, 38, -1, 34, 36, 
 22.50, 184, 152, 148, 156, 146, 166, 178, 144, 150, 160, 42, 4, 8, 30, 40, 28, 38, -1, 34, 36, 
 22.55, 184, 152, 148, 156, 146, 166, 178, 144, 150, 160, 42, 4, 8, 30, 40, 28, 44, -1, 34, 36, 
 22.60, 184, 152, 148, 156, 146, 166, 178, 144, 150, 160, 42, 4, 8, 46, 40, 28, 44, -1, 34, 36, 
 22.65, 184, 152, 148, 156, 146, 166, 178, 144, 150, 160, 42, 4, 8, 46, 40, 28, 44, -1, 34, 48, 
 22.70, 184, 152, 148, 156, 146, 166, 178, 144, 150, 160, 42, 50, 8, 46, 40, 28, 44, -1, 34, 48, 
 22.75, 184, 152, 148, 156, 146, 166, 142, 144, 150, 160, 42, 50, 8, 46, 40, 28, 44, -1, 34, 48, 
 22.80, 184, 152, 148, 156, 146, 166, 142, 144, 150, 160, 42, 50, 8, 46, 40, 28, 52, -1, 34, 48, 
 22.85, 184, 152, 148, 156, 146, 140, 142, 144, 150, 160, 42, 50, 8, 46, 40, 28, 52, -1, 34, 48, 
 22.90, 184, 152, 148, 156, 146, 140, 142, 144, 150, 160, 42, 50, 8, 46, 40, 54, 52, -1, 34, 48, 
 22.95, 184, 152, 148, 156, 146, 140, 138, 144, 150, 160, 42, 50, 8, 46, 40, 54, 52, -1, 34, 48, 
 23.00, 184, 152, 136, 156, 146, 140, 138, 144, 150, 160, 42, 50, 8, 46, 40, 54, 52, -1, 34, 48, 
 23.05, 184, 152, 136, 156, 134, 140, 138, 144, 150, 160, 42, 50, 8, 46, 40, 54, 52, -1, 34, 48, 
 23.10, 184, 152, 136, 156, 134, 140, 138, 144, 150, 160, 42, 50, 8, 46, 40, 56, 52, -1, 34, 48, 
 23.15, 184, 152, 136, 156, 134, 140, 138, 144, 132, 160, 42, 50, 8, 46, 40, 56, 52, -1, 34, 48, 
 23.20, 184, 152, 136, 156, 134, 140, 138, 144, 132, 130, 42, 50, 8, 46, 40, 56, 52, -1, 34, 48, 
 23.25, 184, 152, 136, 156, 134, 140, 138, 144, 132, 130, 42, 58, 8, 46, 40, 56, 52, -1, 34, 48, 
 23.30, 184, 152, 136, 156, 134, 140, 138, 144, 132, 130, 42, 58, 8, 46, 40, 60, 52, -1, 34, 48, 
 23.35, 184, 152, 136, 156, 134, 140, 138, 144, 132, 130, 42, 58, 8, 46, 40, 60, 52, -1, 34, 62, 
 23.40, 184, 152, 136, 156, 134, 140, 138, 144, 132, 130, 42, 58, 64, 46, 40, 60, 52, -1, 34, 62, 
 23.45, 184, 128, 136, 156, 134, 140, 138, 144, 132, 130, 42, 58, 64, 46, 40, 60, 52, -1, 34, 62, 
 23.50, 184, 128, 136, 156, 126, 140, 138, 144, 132, 130, 42, 58, 64, 46, 40, 60, 52, -1, 34, 62, 
 23.55, 184, 128, 136, 156, 126, 140, 138, 144, 132, 130, 42, 58, 64, 46, 66, 60, 52, -1, 34, 62, 
 23.60, 184, 128, 136, 156, 126, 140, 138, 144, 132, 130, 42, 58, 68, 46, 66, 60, 52, -1, 34, 62, 
 23.65, 184, 124, 136, 156, 126, 140, 138, 144, 132, 130, 42, 58, 68, 46, 66, 60, 52, -1, 34, 62, 
 23.70, 184, 124, 136, 156, 126, 140, 138, 144, 132, 130, 70, 58, 68, 46, 66, 60, 52, -1, 34, 62, 
 23.75, 184, 124, 136, 156, 126, 140, 138, 144, 132, 130, 70, 58, 68, 46, 72, 60, 52, -1, 34, 62, 
 23.80, 184, 124, 136, 122, 126, 140, 138, 144, 132, 130, 70, 58, 68, 46, 72, 60, 52, -1, 34, 62, 
 23.85, 184, 124, 136, 122, 126, 140, 138, 144, 132, 130, 70, 58, 68, 74, 72, 60, 52, -1, 34, 62, 
 23.90, 120, 124, 136, 122, 126, 140, 138, 144, 132, 130, 70, 58, 68, 74, 72, 60, 52, -1, 34, 62, 
 23.95, 120, 124, 136, 118, 126, 140, 138, 144, 132, 130, 70, 58, 68, 74, 72, 60, 52, -1, 34, 62, 
 24.00, 120, 124, 116, 118, 126, 140, 138, 144, 132, 130, 70, 58, 68, 74, 72, 60, 52, -1, 34, 62, 
 24.05, 120, 124, 116, 118, 126, 140, 138, 144, 132, 130, 70, 58, 76, 74, 72, 60, 52, -1, 34, 62, 
 24.10, 120, 124, 116, 118, 126, 140, 138, 144, 132, 130, 70, 58, 76, 74, 72, 60, 52, -1, 34, 78, 
 24.15, 120, 124, 116, 118, 126, 140, 114, 144, 132, 130, 70, 58, 76, 74, 72, 60, 52, -1, 34, 78, 
 24.20, 120, 124, 116, 118, 126, 140, 114, 144, 132, 130, 70, 58, 76, 74, 72, 60, 52, 80, 34, 78, 
 24.25, 120, 124, 116, 118, 126, 140, 114, 144, 132, 112, 70, 58, 76, 74, 72, 60, 52, 80, 34, 78, 
 24.30, 120, 124, 116, 118, 126, 140, 114, 144, 132, 112, 70, 58, 76, 74, 82, 60, 52, 80, 34, 78, 
 24.35, 120, 124, 116, 118, 126, 140, 114, 144, 132, 112, 70, 58, 76, 74, 82, 84, 52, 80, 34, 78, 
 24.40, 120, 124, 116, 118, 126, 140, 114, 144, 132, 112, 70, 58, 76, 74, 82, 84, 52, 80, 34, 86, 
 24.45, 120, 124, 116, 118, 126, 140, 114, 144, 132, 112, 70, 58, 88, 74, 82, 84, 52, 80, 34, 86, 
 24.50, 120, 124, 116, 118, 126, 140, 114, 144, 132, 112, 70, 58, 88, 74, 82, 84, 52, 90, 34, 86, 
 24.55, 120, 124, 116, 118, 126, 140, 114, 144, 132, 112, 70, 92, 88, 74, 82, 84, 52, 90, 34, 86, 
 24.60, 120, 124, 116, 118, 126, 140, 114, 144, 132, 112, 94, 92, 88, 74, 82, 84, 52, 90, 34, 86, 
 24.65, 120, 124, 116, 118, 110, 140, 114, 144, 132, 112, 94, 92, 88, 74, 82, 84, 52, 90, 34, 86, 
 24.70, 108, 124, 116, 118, 110, 140, 114, 144, 132, 112, 94, 92, 88, 74, 82, 84, 52, 90, 34, 86, 
 24.75, 108, 124, 116, 118, 110, 140, 114, 144, 106, 112, 94, 92, 88, 74, 82, 84, 52, 90, 34, 86, 
 24.80, 108, 124, 116, 118, 110, 140, 114, 144, 106, 112, 94, 92, 88, 96, 82, 84, 52, 90, 34, 86, 
 24.85, 104, 124, 116, 118, 110, 140, 114, 144, 106, 112, 94, 92, 88, 96, 82, 84, 52, 90, 34, 86, 
 24.90, 104, 124, 116, 118, 110, 140, 114, 144, 106, 112, 94, 92, 88, 96, 82, 84, 52, 90, 34, 98, 
 24.95, 104, 124, 116, 118, 110, 140, 102, 144, 106, 112, 94, 92, 88, 96, 82, 84, 52, 90, 34, 98, 
 25.00, 100, 124, 116, 118, 110, 140, 102, 144, 106, 112, 94, 92, 88, 96, 82, 84, 52, 90, 34, 98, 
 25.05, 100, 124, 116, 118, 110, 140, 102, 144, 106, 112, 100, 92, 88, 96, 82, 84, 52, 90, 34, 98, 
 25.10, 100, 124, 116, 118, 110, 140, 102, 144, 106, 112, 100, 92, 88, 96, 100, 84, 52, 90, 34, 98, 
 25.15, 100, 124, 116, 118, 110, 140, 100, 144, 106, 112, 100, 92, 88, 96, 100, 84, 52, 90, 34, 98, 
 25.20, 100, 124, 116, 118, 110, 140, 100, 144, 106, 112, 100, 100, 88, 96, 100, 84, 52, 90, 34, 98, 
 25.25, 100, 124, 104, 118, 110, 140, 100, 144, 106, 112, 100, 100, 88, 96, 100, 84, 52, 90, 34, 98, 
 25.30, 100, 124, 104, 118, 110, 140, 100, 144, 106, 112, 100, 100, 88, 102, 100, 84, 52, 90, 34, 98, 
 25.35, 100, 124, 104, 118, 102, 140, 100, 144, 106, 112, 100, 100, 88, 102, 100, 84, 52, 90, 34, 98, 
 25.40, 100, 124, 104, 118, 102, 140, 100, 144, 106, 112, 100, 100, 88, 102, 100, 84, 52, 90, 102, 98, 
 25.45, 100, 124, 104, 118, 102, 140, 100, 144, 106, 112, 100, 100, 104, 102, 100, 84, 52, 90, 102, 98, 
 25.60, 100, 104, 104, 118, 102, 140, 100, 144, 106, 112, 100, 100, 104, 102, 100, 84, 52, 90, 102, 98, 
 25.65, 100, 104, 104, 118, 102, 140, 100, 144, 102, 112, 100, 100, 104, 102, 100, 84, 52, 90, 102, 98, 
 25.70, 100, 104, 104, 118, 102, 140, 100, 144, 102, 102, 100, 100, 104, 102, 100, 84, 52, 90, 102, 98, 
 25.85, 100, 104, 104, 118, 102, 140, 100, 144, 102, 102, 100, 100, 104, 102, 100, 84, 102, 90, 102, 98, 
 25.90, 100, 104, 104, 118, 102, 102, 100, 144, 102, 102, 100, 100, 104, 102, 100, 84, 102, 90, 102, 98, 
 25.95, 100, 100, 104, 118, 102, 102, 100, 144, 102, 102, 100, 100, 104, 102, 100, 84, 102, 90, 102, 98, 
 26.05, 100, 100, 104, 118, 102, 100, 100, 144, 102, 102, 100, 100, 104, 102, 100, 84, 102, 90, 102, 98, 
 26.75, 100, 100, 104, 118, 102, 100, 100, 144, 102, 102, 100, 100, 104, 102, 100, 84, 102, 100, 102, 98, 
 26.80, 100, 100, 104, 118, 102, 100, 100, 116, 102, 102, 100, 100, 104, 102, 100, 84, 102, 100, 102, 98, 
 27.10, 100, 100, 104, 118, 102, 100, 100, 116, 102, 102, 100, 100, 104, 102, 100, 84, 102, 100, 102, 100, 
 27.35, 100, 100, 104, 114, 102, 100, 100, 116, 102, 102, 100, 100, 104, 102, 100, 84, 102, 100, 102, 100, 
 27.50, 100, 100, 104, 112, 102, 100, 100, 116, 102, 102, 100, 100, 104, 102, 100, 84, 102, 100, 102, 100, 
 28.00, 100, 100, 104, 112, 102, 100, 100, 116, 102, 102, 100, 100, 104, 102, 100, 102, 102, 100, 102, 100, 
 28.10, 100, 100, 104, 112, 102, 100, 100, 116, 102, 102, 100, 100, 104, 102, 100, 102, 102, 100, 102, 104, 
 28.20, 100, 100, 104, 112, 102, 100, 100, 110, 102, 102, 100, 100, 104, 102, 100, 102, 102, 100, 102, 104, 
 28.55, 100, 100, 104, 112, 102, 100, 100, 108, 102, 102, 100, 100, 104, 102, 100, 102, 102, 100, 102, 104, 
 29.15, 100, 100, 104, 112, 102, 100, 100, 108, 102, 102, 100, 100, 104, 102, 100, 102, 102, 100, 102, 106, 
 29.20, 100, 100, 104, 112, 102, 100, 100, 106, 102, 102, 100, 100, 104, 102, 100, 102, 102, 100, 102, 106, 
 29.65, 100, 100, 104, 112, 102, 100, 100, 106, 102, 102, 100, 100, 104, 102, 100, 104, 102, 100, 102, 106, 
 29.80, 100, 100, 104, 112, 102, 100, 100, 106, 102, 102, 100, 100, 104, 102, 100, 106, 102, 100, 102, 106, 
 29.95, 100, 100, 104, 110, 102, 100, 100, 106, 102, 102, 100, 100, 104, 102, 100, 106, 102, 100, 102, 106, 
 30.20, 100, 100, 104, 110, 102, 100, 100, 106, 102, 102, 100, 100, 104, 102, 100, 108, 102, 100, 102, 106, 
 30.25, 100, 100, 104, 108, 102, 100, 100, 106, 102, 102, 100, 100, 104, 102, 100, 108, 102, 100, 102, 106, 
 40.10, 100, 100, 104, 108, 102, 100, 100, 200, 102, 102, 100, 100, 104, 102, 100, 108, 102, 100, 102, 106, 
 40.15, 100, 100, 198, 108, 102, 100, 100, 200, 102, 102, 100, 100, 104, 102, 100, 108, 102, 100, 102, 106, 
 40.20, 100, 100, 198, 196, 102, 100, 100, 200, 102, 102, 100, 100, 104, 102, 100, 108, 102, 100, 102, 106, 
 40.25, 100, 100, 198, 196, 102, 100, 100, 200, 102, 194, 100, 100, 104, 102, 100, 108, 102, 100, 102, 106, 
 40.30, 100, 100, 198, 196, 102, 100, 100, 200, 102, 194, 100, 1, 104, 102, 100, 108, 102, 100, 102, 106, 
 40.35, 100, 100, 198, 196, 102, 100, 100, 200, 102, 191, 100, 1, 104, 102, 100, 108, 102, 100, 102, 106, 
 40.40, 189, 100, 198, 196, 102, 100, 100, 200, 102, 191, 100, 1, 104, 102, 100, 108, 102, 100, 102, 106, 
 40.45, 189, 100, 198, 196, 102, 100, 100, 200, 102, 191, 100, 1, 104, 102, 3, 108, 102, 100, 102, 106, 
 40.50, 189, 100, 198, 196, 102, 100, 100, 200, 102, 187, 100, 1, 104, 102, 3, 108, 102, 100, 102, 106, 
 40.55, 189, 100, 198, 196, 102, 100, 100, 200, 102, 187, 5, 1, 104, 102, 3, 108, 102, 100, 102, 106, 
 40.60, 189, 100, 198, 196, 185, 100, 100, 200, 102, 187, 5, 1, 104, 102, 3, 108, 102, 100, 102, 106, 
 40.65, 189, 100, 198, 196, 185, 100, 100, 200, 102, 187, 5, 1, 7, 102, 3, 108, 102, 100, 102, 106, 
 40.70, 183, 100, 198, 196, 185, 100, 100, 200, 102, 187, 5, 1, 7, 102, 3, 108, 102, 100, 102, 106, 
 40.75, 183, 100, 198, 196, 185, 100, 181, 200, 102, 187, 5, 1, 7, 102, 3, 108, 102, 100, 102, 106, 
 40.80, 183, 100, 198, 196, 185, 100, 181, 200, 102, 187, 5, 1, 7, 102, 3, 9, 102, 100, 102, 106, 
 40.85, 183, 100, 198, 196, 185, 100, 181, 200, 102, 187, 5, 1, 7, 11, 3, 9, 102, 100, 102, 106, 
 40.90, 183, 100, 198, 196, 185, 100, 181, 200, 102, 179, 5, 1, 7, 11, 3, 9, 102, 100, 102, 106, 
 40.95, 183, 100, 198, 196, 185, 100, 181, 200, 102, 179, 5, 1, 7, 11, 13, 9, 102, 100, 102, 106, 
 41.00, 183, 100, 198, 196, 185, 100, 181, 200, 102, 179, 5, 1, 7, 11, 13, 9, 102, 15, 102, 106, 
 41.05, 183, 100, 198, 196, 185, 100, 181, 200, 102, 179, 5, 1, 7, 17, 13, 9, 102, 15, 102, 106, 
 41.10, 177, 100, 198, 196, 185, 100, 181, 200, 102, 179, 5, 1, 7, 17, 13, 9, 102, 15, 102, 106, 
 41.15, 177, 100, 198, 196, 185, 100, 181, 175, 102, 179, 5, 1, 7, 17, 13, 9, 102, 15, 102, 106, 
 41.20, 177, 100, 198, 196, 185, 100, 181, 175, 102, 179, 5, 1, 7, 17, 13, 9, 19, 15, 102, 106, 
 41.25, 177, 100, 198, 196, 185, 100, 181, 175, 102, 179, 5, 1, 7, 17, 13, 21, 19, 15, 102, 106, 
 41.30, 177, 100, 173, 196, 185, 100, 181, 175, 102, 179, 5, 1, 7, 17, 13, 21, 19, 15, 102, 106, 
 41.35, 177, 100, 173, 196, 185, 100, 181, 171, 102, 179, 5, 1, 7, 17, 13, 21, 19, 15, 102, 106, 
 41.40, 177, 100, 173, 196, 185, 100, 181, 171, 102, 179, 5, 23, 7, 17, 13, 21, 19, 15, 102, 106, 
 41.45, 177, 100, 173, 196, 185, 100, 181, 171, 102, 179, 5, 23, 7, 17, 13, 21, 19, 15, 25, 106, 
 41.50, 177, 100, 173, 196, 185, 100, 181, 171, 102, 179, 27, 23, 7, 17, 13, 21, 19, 15, 25, 106, 
 41.55, 177, 100, 173, 196, 185, 100, 181, 171, 102, 179, 27, 23, 7, 17, 13, 21, 19, 15, 29, 106, 
 41.60, 177, 100, 173, 196, 185, 100, 181, 171, 102, 179, 27, 23, 7, 17, 13, 21, 19, 15, 29, 31, 
 41.65, 177, 100, 173, 196, 169, 100, 181, 171, 102, 179, 27, 23, 7, 17, 13, 21, 19, 15, 29, 31, 
 41.70, 177, 100, 173, 196, 169, 100, 181, 171, 102, 179, 27, 23, 7, 17, 13, 21, 33, 15, 29, 31, 
 41.75, 177, 100, 167, 196, 169, 100, 181, 171, 102, 179, 27, 23, 7, 17, 13, 21, 33, 15, 29, 31, 
 41.80, 177, 100, 167, 196, 169, 100, 181, 165, 102, 179, 27, 23, 7, 17, 13, 21, 33, 15, 29, 31, 
 41.85, 177, 100, 167, 196, 169, 100, 181, 165, 102, 179, 27, 23, 7, 17, 13, 35, 33, 15, 29, 31, 
 41.90, 177, 100, 167, 196, 169, 100, 181, 165, 102, 179, 27, 23, 7, 17, 13, 35, 33, 15, 29, 37, 
 41.95, 177, 100, 167, 196, 169, 100, 181, 165, 102, 179, 27, 23, 7, 17, 39, 35, 33, 15, 29, 37, 
 42.00, 177, 100, 167, 196, 169, 100, 181, 165, 102, 179, 27, 41, 7, 17, 39, 35, 33, 15, 29, 37, 
 42.05, 177, 100, 167, 196, 169, 100, 181, 165, 102, 179, 27, 41, 7, 17, 39, 35, 33, 15, 29, 43, 
 42.10, 177, 100, 163, 196, 169, 100, 181, 165, 102, 179, 27, 41, 7, 17, 39, 35, 33, 15, 29, 43, 
 42.15, 177, 100, 163, 196, 169, 100, 181, 165, 102, 179, 27, 41, 7, 45, 39, 35, 33, 15, 29, 43, 
 42.20, 177, 100, 163, 196, 169, 100, 181, 165, 102, 179, 27, 41, 7, 45, 39, 35, 33, 15, 47, 43, 
 42.25, 177, 100, 163, 196, 169, 100, 181, 161, 102, 179, 27, 41, 7, 45, 39, 35, 33, 15, 47, 43, 
 42.30, 159, 100, 163, 196, 169, 100, 181, 161, 102, 179, 27, 41, 7, 45, 39, 35, 33, 15, 47, 43, 
 42.35, 159, 100, 163, 196, 157, 100, 181, 161, 102, 179, 27, 41, 7, 45, 39, 35, 33, 15, 47, 43, 
 42.40, 159, 100, 163, 196, 157, 100, 181, 161, 102, 179, 27, 41, 7, 45, 39, 35, 33, 15, 49, 43, 
 42.45, 159, 100, 163, 155, 157, 100, 181, 161, 102, 179, 27, 41, 7, 45, 39, 35, 33, 15, 49, 43, 
 42.50, 153, 100, 163, 155, 157, 100, 181, 161, 102, 179, 27, 41, 7, 45, 39, 35, 33, 15, 49, 43, 
 42.55, 153, 100, 163, 155, 157, 100, 181, 161, 102, 179, 27, 41, 7, 45, 39, 51, 33, 15, 49, 43, 
 42.60, 151, 100, 163, 155, 157, 100, 181, 161, 102, 179, 27, 41, 7, 45, 39, 51, 33, 15, 49, 43, 
 42.65, 151, 100, 163, 155, 157, 100, 181, 149, 102, 179, 27, 41, 7, 45, 39, 51, 33, 15, 49, 43, 
 42.70, 151, 100, 163, 155, 157, 100, 181, 149, 102, 179, 27, 41, 7, 45, 39, 51, 33, 15, 49, 53, 
 42.75, 151, 100, 163, 155, 157, 100, 181, 149, 102, 179, 55, 41, 7, 45, 39, 51, 33, 15, 49, 53, 
 42.80, 151, 100, 163, 155, 157, 100, 181, 149, 102, 179, 55, 41, 7, 45, 39, 51, 33, 57, 49, 53, 
 42.85, 151, 100, 163, 155, 157, 100, 181, 149, 102, 179, 55, 41, 7, 45, 39, 51, 33, 57, 49, 59, 
 42.90, 151, 100, 163, 155, 157, 100, 181, 147, 102, 179, 55, 41, 7, 45, 39, 51, 33, 57, 49, 59, 
 42.95, 151, 100, 163, 155, 157, 100, 181, 147, 145, 179, 55, 41, 7, 45, 39, 51, 33, 57, 49, 59, 
 43.00, 151, 100, 163, 155, 157, 100, 181, 147, 145, 179, 55, 41, 7, 45, 39, 51, 33, 61, 49, 59, 
 43.05, 151, 100, 163, 155, 157, 143, 181, 147, 145, 179, 55, 41, 7, 45, 39, 51, 33, 61, 49, 59, 
 43.10, 151, 141, 163, 155, 157, 143, 181, 147, 145, 179, 55, 41, 7, 45, 39, 51, 33, 61, 49, 59, 
 43.15, 151, 141, 163, 155, 157, 143, 181, 147, 145, 179, 55, 41, 7, 45, 39, 51, 63, 61, 49, 59, 
 43.20, 151, 141, 163, 155, 157, 143, 139, 147, 145, 179, 55, 41, 7, 45, 39, 51, 63, 61, 49, 59, 
 43.25, 151, 137, 163, 155, 157, 143, 139, 147, 145, 179, 55, 41, 7, 45, 39, 51, 63, 61, 49, 59, 
 43.30, 151, 137, 163, 155, 157, 143, 139, 147, 145, 179, 55, 41, 7, 65, 39, 51, 63, 61, 49, 59, 
 43.35, 151, 137, 163, 155, 157, 143, 135, 147, 145, 179, 55, 41, 7, 65, 39, 51, 63, 61, 49, 59, 
 43.40, 151, 137, 163, 155, 157, 143, 135, 147, 145, 179, 67, 41, 7, 65, 39, 51, 63, 61, 49, 59, 
 43.45, 133, 137, 163, 155, 157, 143, 135, 147, 145, 179, 67, 41, 7, 65, 39, 51, 63, 61, 49, 59, 
 43.50, 133, 137, 131, 155, 157, 143, 135, 147, 145, 179, 67, 41, 7, 65, 39, 51, 63, 61, 49, 59, 
 43.55, 129, 137, 131, 155, 157, 143, 135, 147, 145, 179, 67, 41, 7, 65, 39, 51, 63, 61, 49, 59, 
 43.60, 129, 137, 131, 155, 157, 143, 135, 147, 145, 179, 67, 41, 7, 65, 39, 51, 63, 69, 49, 59, 
 43.65, 129, 137, 131, 155, 157, 143, 135, 147, 145, 179, 67, 41, 7, 65, 39, 51, 63, 69, 49, 71, 
 43.70, 129, 137, 131, 155, 157, 143, 135, 147, 145, 179, 67, 41, 73, 65, 39, 51, 63, 69, 49, 71, 
 43.75, 129, 137, 131, 155, 127, 143, 135, 147, 145, 179, 67, 41, 73, 65, 39, 51, 63, 69, 49, 71, 
 43.80, 129, 137, 131, 155, 127, 143, 135, 147, 145, 179, 67, 75, 73, 65, 39, 51, 63, 69, 49, 71, 
 43.85, 129, 137, 131, 155, 127, 143, 135, 147, 145, 179, 67, 75, 73, 65, 39, 51, 77, 69, 49, 71, 
 43.90, 129, 137, 131, 155, 127, 143, 135, 147, 145, 179, 79, 75, 73, 65, 39, 51, 77, 69, 49, 71, 
 43.95, 129, 137, 131, 155, 127, 143, 135, 147, 145, 179, 79, 75, 73, 65, 39, 51, 77, 69, 49, 81, 
 44.00, 129, 137, 131, 155, 127, 143, 135, 147, 145, 125, 79, 75, 73, 65, 39, 51, 77, 69, 49, 81, 
 44.05, 129, 137, 131, 155, 127, 143, 135, 147, 145, 125, 79, 75, 83, 65, 39, 51, 77, 69, 49, 81, 
 44.10, 129, 137, 131, 155, 127, 143, 135, 147, 145, 125, 79, 75, 83, 65, 85, 51, 77, 69, 49, 81, 
 44.15, 129, 137, 131, 155, 127, 143, 135, 147, 145, 125, 79, 75, 83, 65, 85, 51, 77, 87, 49, 81, 
 44.20, 129, 137, 123, 155, 127, 143, 135, 147, 145, 125, 79, 75, 83, 65, 85, 51, 77, 87, 49, 81, 
 44.25, 129, 137, 123, 155, 127, 143, 135, 147, 145, 125, 79, 75, 83, 65, 85, 51, 77, 89, 49, 81, 
 44.30, 129, 137, 123, 155, 127, 143, 121, 147, 145, 125, 79, 75, 83, 65, 85, 51, 77, 89, 49, 81, 
 44.35, 129, 137, 123, 155, 127, 143, 121, 147, 145, 125, 79, 75, 83, 65, 85, 51, 77, 89, 49, 91, 
 44.40, 119, 137, 123, 155, 127, 143, 121, 147, 145, 125, 79, 75, 83, 65, 85, 51, 77, 89, 49, 91, 
 44.45, 119, 137, 123, 155, 127, 143, 121, 147, 145, 125, 79, 75, 83, 93, 85, 51, 77, 89, 49, 91, 
 44.50, 119, 137, 123, 155, 127, 143, 121, 147, 145, 125, 79, 95, 83, 93, 85, 51, 77, 89, 49, 91, 
 44.55, 119, 137, 117, 155, 127, 143, 121, 147, 145, 125, 79, 95, 83, 93, 85, 51, 77, 89, 49, 91, 
 44.60, 115, 137, 117, 155, 127, 143, 121, 147, 145, 125, 79, 95, 83, 93, 85, 51, 77, 89, 49, 91, 
 44.65, 115, 137, 117, 155, 127, 143, 113, 147, 145, 125, 79, 95, 83, 93, 85, 51, 77, 89, 49, 91, 
 44.70, 115, 137, 117, 155, 127, 143, 113, 147, 145, 125, 79, 95, 83, 93, 85, 51, 77, 89, 49, 97, 
 44.75, 115, 137, 117, 155, 127, 143, 111, 147, 145, 125, 79, 95, 83, 93, 85, 51, 77, 89, 49, 97, 
 44.80, 115, 137, 117, 155, 127, 143, 111, 147, 145, 125, 79, 95, 83, 93, 99, 51, 77, 89, 49, 97, 
 44.85, 115, 137, 117, 155, 109, 143, 111, 147, 145, 125, 79, 95, 83, 93, 99, 51, 77, 89, 49, 97, 
 44.90, 115, 137, 117, 155, 109, 143, 111, 147, 145, 107, 79, 95, 83, 93, 99, 51, 77, 89, 49, 97, 
 44.95, 115, 137, 117, 155, 105, 143, 111, 147, 145, 107, 79, 95, 83, 93, 99, 51, 77, 89, 49, 97, 
 45.00, 115, 137, 117, 155, 105, 143, 111, 147, 103, 107, 79, 95, 83, 93, 99, 51, 77, 89, 49, 97, 
 45.05, 115, 137, 117, 155, 105, 143, 111, 147, 103, 107, 79, 95, 83, 93, 99, 101, 77, 89, 49, 97, 
 45.10, 115, 137, 101, 155, 105, 143, 111, 147, 103, 107, 79, 95, 83, 93, 99, 101, 77, 89, 49, 97, 
 45.15, 115, 137, 101, 155, 105, 143, 111, 147, 103, 107, 79, 95, 101, 93, 99, 101, 77, 89, 49, 97, 
 45.20, 115, 137, 101, 155, 101, 143, 111, 147, 103, 107, 79, 95, 101, 93, 99, 101, 77, 89, 49, 97, 
 45.25, 115, 137, 101, 155, 101, 143, 111, 147, 101, 107, 79, 95, 101, 93, 99, 101, 77, 89, 49, 97, 
 45.30, 115, 137, 101, 155, 101, 143, 111, 147, 101, 107, 79, 95, 101, 101, 99, 101, 77, 89, 49, 97, 
 45.40, 115, 137, 101, 155, 101, 143, 105, 147, 101, 107, 79, 95, 101, 101, 99, 101, 77, 89, 49, 97, 
 45.45, 115, 137, 101, 103, 101, 143, 105, 147, 101, 107, 79, 95, 101, 101, 99, 101, 77, 89, 49, 97, 
 45.50, 115, 137, 101, 103, 101, 143, 105, 147, 101, 101, 79, 95, 101, 101, 99, 101, 77, 89, 49, 97, 
 45.55, 115, 137, 101, 99, 101, 143, 105, 147, 101, 101, 79, 95, 101, 101, 99, 101, 77, 89, 49, 97, 
 45.60, 115, 137, 101, 99, 101, 99, 105, 147, 101, 101, 79, 95, 101, 101, 99, 101, 77, 89, 49, 97, 
 45.65, 115, 137, 101, 99, 101, 99, 105, 147, 101, 101, 79, 95, 101, 101, 99, 101, 77, 99, 49, 97, 
 45.70, 115, 137, 101, 99, 101, 99, 99, 147, 101, 101, 79, 95, 101, 101, 99, 101, 77, 99, 49, 97, 
 45.85, 115, 137, 101, 99, 101, 99, 99, 147, 101, 101, 79, 95, 101, 101, 99, 101, 77, 99, 49, 99, 
 45.90, 115, 137, 101, 99, 101, 99, 99, 147, 101, 99, 79, 95, 101, 101, 99, 101, 77, 99, 49, 99, 
 46.05, 115, 137, 101, 99, 101, 99, 99, 147, 101, 99, 79, 97, 101, 101, 99, 101, 77, 99, 49, 99, 
 46.15, 115, 137, 101, 99, 101, 99, 99, 147, 101, 99, 99, 97, 101, 101, 99, 101, 77, 99, 49, 99, 
 46.50, 115, 137, 101, 99, 101, 99, 99, 147, 101, 99, 99, 99, 101, 101, 99, 101, 77, 99, 49, 99, 
 46.70, 115, 113, 101, 99, 101, 99, 99, 147, 101, 99, 99, 99, 101, 101, 99, 101, 77, 99, 49, 99, 
 46.75, 115, 113, 101, 99, 101, 99, 99, 147, 101, 99, 99, 99, 101, 101, 99, 101, 101, 99, 49, 99, 
 46.90, 111, 113, 101, 99, 101, 99, 99, 147, 101, 99, 99, 99, 101, 101, 99, 101, 101, 99, 49, 99, 
 47.05, 111, 109, 101, 99, 101, 99, 99, 147, 101, 99, 99, 99, 101, 101, 99, 101, 101, 99, 49, 99, 
 47.20, 111, 109, 101, 99, 101, 99, 99, 147, 101, 99, 99, 99, 101, 101, 99, 101, 101, 99, 103, 99, 
 47.40, 111, 109, 101, 99, 101, 99, 99, 107, 101, 99, 99, 99, 101, 101, 99, 101, 101, 99, 103, 99, 
 47.50, 111, 109, 101, 99, 101, 99, 99, 105, 101, 99, 99, 99, 101, 101, 99, 101, 101, 99, 103, 99, 
 47.70, 111, 109, 101, 99, 101, 99, 99, 105, 101, 99, 99, 105, 101, 101, 99, 101, 101, 99, 103, 99, 
 47.80, 111, 107, 101, 99, 101, 99, 99, 105, 101, 99, 99, 105, 101, 101, 99, 101, 101, 99, 103, 99, 
 47.90, 111, 105, 101, 99, 101, 99, 99, 105, 101, 99, 99, 105, 101, 101, 99, 101, 101, 99, 103, 99, 
 48.00, 111, 103, 101, 99, 101, 99, 99, 105, 101, 99, 99, 105, 101, 101, 99, 101, 101, 99, 103, 99, 
 48.30, 111, 103, 101, 99, 101, 99, 99, 105, 101, 99, 99, 105, 101, 101, 99, 101, 103, 99, 103, 99, 
 49.20, 109, 103, 101, 99, 101, 99, 99, 105, 101, 99, 99, 105, 101, 101, 99, 101, 103, 99, 103, 99, 
 49.30, 107, 103, 101, 99, 101, 99, 99, 105, 101, 99, 99, 105, 101, 101, 99, 101, 103, 99, 103, 99, 
 49.45, 107, 103, 101, 99, 101, 99, 99, 105, 101, 99, 99, 105, 101, 101, 99, 101, 105, 99, 103, 99, 
 49.75, 107, 103, 101, 99, 101, 99, 99, 105, 101, 99, 99, 105, 101, 101, 99, 101, 107, 99, 103, 99, 
 60.20, 107, 103, 101, 99, 101, 99, 99, 200, 101, 99, 99, 105, 101, 101, 99, 101, 107, 99, 103, 99, 
 60.25, 107, 103, 198, 99, 101, 99, 99, 200, 101, 99, 99, 105, 101, 101, 99, 101, 107, 99, 103, 99, 
 60.30, 107, 103, 198, 99, 101, 99, 99, 200, 101, 99, 99, 105, 101, 101, 1, 101, 107, 99, 103, 99, 
 60.35, 107, 103, 198, 99, 101, 99, 99, 200, 101, 99, 99, 105, 101, 101, 1, 101, 107, 99, 2, 99, 
 60.40, 107, 103, 198, 99, 101, 99, 99, 200, 101, 99, 99, 105, 101, 101, 1, 101, 101, 99, 2, 99, 
 60.45, 107, 103, 198, 99, 101, 99, 99, 200, 101, 99, 99, 102, 101, 101, 1, 101, 101, 99, 2, 99, 
 60.50, 107, 103, 198, 99, 101, 99, 99, 196, 101, 99, 99, 102, 101, 101, 1, 101, 101, 99, 2, 99, 
 60.55, 194, 103, 198, 99, 101, 99, 99, 196, 101, 99, 99, 102, 101, 101, 1, 101, 101, 99, 2, 99, 
 60.60, 194, 103, 198, 99, 192, 99, 99, 196, 101, 99, 99, 102, 101, 101, 1, 101, 101, 99, 2, 99, 
 60.65, 194, 103, 198, 99, 192, 99, 99, 196, 101, 99, 99, 102, 101, 104, 1, 101, 101, 99, 2, 99, 
 60.70, 194, 103, 198, 99, 192, 99, 190, 196, 101, 99, 99, 102, 101, 104, 1, 101, 101, 99, 2, 99, 
 60.75, 194, 103, 198, 99, 192, 99, 190, 196, 101, 99, 99, 102, 101, 104, 1, 101, 101, 99, 2, 106, 
 60.80, 194, 103, 198, 99, 192, 99, 190, 196, 101, 99, 99, 102, 108, 104, 1, 101, 101, 99, 2, 106, 
 60.85, 188, 103, 198, 99, 192, 99, 190, 196, 101, 99, 99, 102, 108, 104, 1, 101, 101, 99, 2, 106, 
 60.90, 188, 103, 198, 99, 192, 99, 190, 196, 186, 99, 99, 102, 108, 104, 1, 101, 101, 99, 2, 106, 
 60.95, 188, 184, 198, 99, 192, 99, 190, 196, 186, 99, 99, 102, 108, 104, 1, 101, 101, 99, 2, 106, 
 61.00, 188, 184, 198, 99, 192, 144, 190, 196, 186, 99, 99, 102, 108, 104, 1, 101, 101, 99, 2, 106, 
 61.05, 142, 184, 198, 99, 192, 144, 190, 196, 186, 99, 99, 102, 108, 104, 1, 101, 101, 99, 2, 106, 
 61.10, 142, 184, 198, 99, 192, 144, 190, 196, 186, 99, 99, 110, 108, 104, 1, 101, 101, 99, 2, 106, 
 61.15, 142, 184, 198, 99, 192, 144, 190, 196, 186, 99, 99, 110, 108, 104, 1, 101, 112, 99, 2, 106, 
 61.20, 142, 184, 198, 140, 192, 144, 190, 196, 186, 99, 99, 110, 108, 104, 1, 101, 112, 99, 2, 106, 
 61.25, 142, 184, 198, 140, 192, 144, 190, 196, 186, 99, 99, 110, 108, 104, 1, 114, 112, 99, 2, 106, 
 61.30, 142, 138, 198, 140, 192, 144, 190, 196, 186, 99, 99, 110, 108, 104, 1, 114, 112, 99, 2, 106, 
 61.35, 142, 138, 198, 140, 192, 144, 190, 196, 186, 99, 115, 110, 108, 104, 1, 114, 112, 99, 2, 106, 
 61.40, 142, 138, 198, 140, 192, 124, 190, 196, 186, 99, 115, 110, 108, 104, 1, 114, 112, 99, 2, 106, 
 61.45, 142, 138, 198, 140, 192, 124, 190, 196, 186, 99, 115, 110, 108, 104, 1, 114, 112, 99, 2, 116, 
 61.50, 122, 138, 198, 140, 192, 124, 190, 196, 186, 99, 115, 110, 108, 104, 1, 114, 112, 99, 2, 116, 
 61.55, 122, 138, 198, 140, 192, 124, 120, 196, 186, 99, 115, 110, 108, 104, 1, 114, 112, 99, 2, 116, 
 61.60, 122, 138, 198, 140, 118, 124, 120, 196, 186, 99, 115, 110, 108, 104, 1, 114, 112, 99, 2, 116, 
 61.65, 122, 138, 198, 140, 118, 124, 120, 196, 186, 99, 118, 110, 108, 104, 1, 114, 112, 99, 2, 116, 
 61.75, 122, 138, 198, 140, 118, 124, 120, 196, 186, 99, 118, 110, 108, 118, 1, 114, 112, 99, 2, 116, 
 61.80, 122, 118, 198, 140, 118, 124, 120, 196, 186, 99, 118, 110, 108, 118, 1, 114, 112, 99, 2, 116, 
 61.85, 118, 118, 198, 140, 118, 124, 120, 196, 186, 99, 118, 110, 108, 118, 1, 114, 112, 99, 2, 116, 
 61.90, 118, 118, 198, 140, 118, 124, 120, 196, 186, 99, 118, 110, 108, 118, 1, 114, 112, 99, 118, 116, 
 62.05, 118, 118, 118, 140, 118, 124, 120, 196, 186, 99, 118, 110, 108, 118, 1, 114, 112, 99, 118, 116, 
 62.10, 118, 118, 118, 140, 118, 124, 120, 196, 186, 99, 118, 110, 108, 118, 1, 114, 112, 118, 118, 116, 
 62.15, 118, 118, 118, 140, 118, 124, 120, 196, 186, 99, 118, 110, 108, 118, 1, 114, 112, 118, 118, 116, 
 62.20, 118, 118, 118, 140, 118, 124, 120, 196, 186, 99, 118, 120, 108, 118, 1, 114, 112, 118, 118, 116, 
 62.25, 118, 118, 118, 140, 118, 124, 120, 196, 186, 123, 118, 120, 108, 118, 1, 114, 112, 118, 118, 116, 
 62.30, 118, 118, 118, 140, 118, 124, 120, 196, 186, 123, 118, 120, 108, 118, 1, 114, 112, 118, 121, 116, 
 62.35, 118, 118, 118, 140, 118, 121, 120, 196, 186, 123, 118, 120, 108, 118, 1, 114, 112, 118, 121, 116, 
 62.40, 118, 118, 118, 121, 118, 121, 120, 196, 186, 123, 118, 120, 108, 118, 1, 114, 112, 118, 121, 116, 
 62.45, 118, 118, 118, 121, 118, 121, 120, 196, 186, 123, 118, 120, 123, 118, 1, 114, 112, 118, 121, 116, 
 62.50, 118, 118, 118, 121, 118, 121, 120, 185, 186, 123, 118, 120, 123, 118, 1, 114, 112, 118, 121, 116, 
 62.75, 118, 118, 118, 121, 118, 121, 120, 185, 186, 123, 118, 120, 123, 118, 1, 150.0, 112, 118, 121, 116, 
 62.90, 118, 118, 118, 121, 118, 121, 120, 185, 186, 123, 118, 120, 123, 118, 1, 150.0, 112, 118, 150.0, 116, 
 63.05, 118, 118, 118, 121, 118, 121, 120, 184, 186, 123, 118, 120, 123, 118, 1, 150.0, 112, 118, 150.0, 116, 
 63.10, 118, 118, 118, 121, 118, 121, 120, 184, 186, 123, 118, 120, 123, 118, 1, 150.0, 112, 118, 150.0, 116, 
 63.30, 118, 118, 118, 121, 118, 121, 120, 184, 186, 123, 118, 120, 123, 118, 1, 150.0, 112, 118, 150.0, 116, 
 63.35, 118, 118, 118, 121, 118, 121, 120, 184, 186, 123, 118, 120, 123, 118, 1, 150.0, 112, 118, 150.0, 116, 
 63.40, 118, 118, 118, 121, 118, 121, 120, 183, 186, 123, 118, 120, 123, 118, 1, 150.0, 112, 118, 150.0, 116, 
 63.60, 118, 118, 118, 121, 118, 121, 120, 183, 186, 123, 118, 120, 123, 118, 1, 150.0, 112, 118, 150.0, 116, 
 63.75, 118, 118, 118, 121, 118, 121, 120, 183, 186, 123, 118, 120, 123, 118, 1, 150.0, 150.0, 118, 150.0, 116, 
 63.80, 118, 118, 118, 121, 118, 121, 120, 183, 186, 123, 118, 120, 123, 118, 1, 150.0, 150.0, 118, 150.0, 150.0, 
 63.90, 118, 182, 118, 121, 118, 121, 120, 183, 186, 123, 118, 120, 123, 118, 1, 150.0, 150.0, 118, 150.0, 150.0, 
 64.35, 118, 182, 118, 121, 118, 121, 120, 183, 180, 123, 118, 120, 123, 118, 1, 150.0, 150.0, 118, 150.0, 150.0, 
 64.50, 118, 182, 118, 121, 118, 121, 120, 183, 180, 123, 118, 120, 123, 118, 1, 150.0, 150.0, 118, 150.0, 150.0, 
 64.55, 118, 182, 118, 121, 118, 121, 120, 183, 179, 123, 118, 120, 123, 118, 1, 150.0, 150.0, 118, 150.0, 150.0, 
 64.60, 118, 182, 118, 121, 118, 121, 120, 183, 179, 123, 118, 120, 123, 118, 1, 150.0, 150.0, 118, 150.0, 150.0, 
 64.65, 118, 178, 118, 121, 118, 121, 120, 183, 179, 123, 118, 120, 123, 118, 1, 150.0, 150.0, 118, 150.0, 150.0, 
 64.90, 118, 178, 118, 121, 118, 121, 120, 183, 176, 123, 118, 120, 123, 118, 1, 150.0, 150.0, 118, 150.0, 150.0, 
 65.00, 118, 178, 118, 121, 118, 121, 120, 183, 176, 123, 118, 120, 123, 118, 1, 150.0, 150.0, 118, 150.0, 150.0, 
 65.05, 118, 178, 118, 121, 118, 121, 120, 183, 176, 123, 118, 120, 123, 118, 1, 150.0, 150.0, 118, 150.0, 150.0, 
 65.15, 118, 178, 118, 121, 118, 121, 120, 183, 176, 123, 118, 120, 123, 118, 1, 150.0, 150.0, 118, 150.0, 150.0, 
 65.20, 118, 178, 118, 121, 118, 121, 120, 183, 176, 123, 118, 120, 123, 118, 1, 150.0, 150.0, 118, 150.0, 150.0, 
 65.40, 118, 178, 118, 121, 118, 121, 120, 175, 176, 123, 118, 120, 123, 118, 1, 150.0, 150.0, 118, 150.0, 150.0, 
 65.45, 118, 178, 118, 121, 118, 121, 120, 175, 174, 123, 118, 120, 123, 118, 1, 150.0, 150.0, 118, 150.0, 150.0, 
 65.55, 118, 178, 118, 121, 118, 121, 120, 175, 173, 123, 118, 120, 123, 118, 1, 150.0, 150.0, 118, 150.0, 150.0, 
 65.60, 118, 178, 118, 121, 118, 121, 120, 175, 173, 123, 118, 120, 123, 118, 1, 150.0, 150.0, 118, 150.0, 150.0, 
 65.65, 118, 178, 118, 121, 118, 121, 120, 175, 173, 123, 118, 120, 123, 118, 1, 150.0, 150.0, 118, 150.0, 150.0, 
 65.75, 118, 178, 118, 121, 118, 121, 120, 172, 173, 123, 118, 120, 123, 118, 1, 150.0, 150.0, 118, 150.0, 150.0, 
 65.85, 118, 178, 118, 121, 118, 121, 120, 172, 173, 123, 118, 120, 123, 118, 1, 150.0, 150.0, 118, 150.0, 150.0, 
 65.90, 118, 178, 118, 121, 118, 121, 120, 172, 173, 123, 118, 120, 123, 118, 1, 150.0, 150.0, 118, 150.0, 150.0, 
 66.15, 118, 171, 118, 121, 118, 121, 120, 172, 173, 123, 118, 120, 123, 118, 1, 150.0, 150.0, 118, 150.0, 150.0, 
 66.20, 118, 171, 118, 121, 118, 121, 120, 172, 173, 123, 118, 120, 123, 118, 1, 150.0, 150.0, 118, 150.0, 150.0, 
 66.60, 118, 171, 118, 121, 118, 121, 120, 172, 173, 123, 118, 120, 123, 118, 1, 150.0, 150.0, 118, 150.0, 150.0, 
 66.65, 118, 171, 118, 121, 118, 121, 120, 172, 173, 123, 118, 120, 123, 118, 150.0, 150.0, 150.0, 118, 150.0, 150.0, 
 66.75, 118, 171, 118, 121, 118, 121, 120, 168, 173, 123, 118, 120, 123, 118, 150.0, 150.0, 150.0, 118, 150.0, 150.0, 
 66.85, 118, 171, 118, 121, 118, 121, 120, 167, 173, 123, 118, 120, 123, 118, 150.0, 150.0, 150.0, 118, 150.0, 150.0, 
 67.20, 118, 171, 118, 121, 118, 121, 120, 167, 173, 123, 118, 120, 123, 118, 150.0, 150.0, 150.0, 118, 150.0, 150.0, 
 67.25, 118, 166, 118, 121, 118, 121, 120, 167, 173, 123, 118, 120, 123, 118, 150.0, 150.0, 150.0, 118, 150.0, 150.0, 
 67.35, 118, 166, 118, 121, 118, 121, 120, 167, 173, 123, 118, 120, 123, 118, 150.0, 150.0, 150.0, 118, 150.0, 150.0, 
 67.40, 118, 166, 118, 121, 118, 121, 120, 167, 173, 123, 118, 120, 123, 118, 150.0, 150.0, 150.0, 118, 150.0, 150.0, 
 67.45, 118, 166, 118, 121, 118, 121, 120, 167, 164, 123, 118, 120, 123, 118, 150.0, 150.0, 150.0, 118, 150.0, 150.0, 
 67.50, 118, 166, 118, 121, 118, 121, 120, 163, 164, 123, 118, 120, 123, 118, 150.0, 150.0, 150.0, 118, 150.0, 150.0, 
 67.75, 118, 166, 118, 121, 118, 121, 120, 163, 164, 123, 118, 120, 123, 118, 150.0, 150.0, 150.0, 118, 150.0, 150.0, 
 67.80, 118, 166, 118, 121, 118, 121, 120, 163, 164, 123, 118, 120, 123, 118, 150.0, 150.0, 150.0, 118, 150.0, 150.0, 
 67.85, 118, 166, 118, 121, 118, 121, 120, 163, 164, 123, 118, 120, 123, 118, 150.0, 150.0, 150.0, 118, 150.0, 150.0, 
 67.90, 118, 166, 118, 121, 118, 121, 120, 163, 164, 123, 118, 120, 123, 118, 150.0, 150.0, 150.0, 118, 150.0, 150.0, 
 67.95, 118, 166, 118, 121, 118, 121, 120, 163, 162, 123, 118, 120, 123, 118, 150.0, 150.0, 150.0, 118, 150.0, 150.0, 
 68.10, 118, 166, 118, 121, 118, 121, 120, 163, 162, 123, 118, 120, 123, 118, 150.0, 150.0, 150.0, 118, 150.0, 150.0, 
 68.15, 118, 166, 118, 121, 118, 121, 120, 163, 162, 123, 118, 120, 123, 118, 150.0, 150.0, 150.0, 118, 150.0, 150.0, 
 68.20, 118, 166, 118, 121, 118, 121, 120, 163, 162, 123, 118, 120, 123, 118, 150.0, 150.0, 150.0, 118, 150.0, 150.0, 
 68.25, 118, 166, 118, 121, 118, 121, 120, 163, 161, 123, 118, 120, 123, 118, 150.0, 150.0, 150.0, 118, 150.0, 150.0, 
 68.30, 118, 166, 118, 121, 118, 121, 120, 163, 161, 123, 118, 120, 123, 118, 150.0, 150.0, 150.0, 118, 150.0, 150.0, 
 68.40, 118, 166, 118, 121, 118, 121, 120, 163, 161, 123, 118, 120, 123, 118, 150.0, 150.0, 150.0, 118, 150.0, 150.0, 
 68.45, 118, 166, 118, 121, 118, 121, 120, 160, 161, 123, 118, 120, 123, 118, 150.0, 150.0, 150.0, 118, 150.0, 150.0, 
 68.55, 118, 159, 118, 121, 118, 121, 120, 160, 161, 123, 118, 120, 123, 118, 150.0, 150.0, 150.0, 118, 150.0, 150.0, 
 68.75, 118, 159, 118, 121, 118, 121, 120, 160, 161, 123, 118, 120, 123, 118, 150.0, 150.0, 150.0, 118, 150.0, 150.0, 
 68.80, 118, 159, 118, 121, 118, 121, 120, 160, 161, 123, 118, 120, 123, 118, 150.0, 150.0, 150.0, 118, 150.0, 150.0, 
 68.90, 118, 159, 118, 121, 118, 121, 120, 160, 161, 123, 118, 120, 123, 118, 150.0, 150.0, 150.0, 118, 150.0, 150.0, 
 69.20, 118, 156, 118, 121, 118, 121, 120, 160, 161, 123, 118, 120, 123, 118, 150.0, 150.0, 150.0, 118, 150.0, 150.0, 
 69.30, 118, 156, 118, 121, 118, 121, 120, 160, 154, 123, 118, 120, 123, 118, 150.0, 150.0, 150.0, 118, 150.0, 150.0, 
 69.35, 118, 156, 118, 121, 118, 121, 120, 153, 154, 123, 118, 120, 123, 118, 150.0, 150.0, 150.0, 118, 150.0, 150.0, 
 69.60, 118, 156, 118, 121, 118, 121, 120, 153, 152, 123, 118, 120, 123, 118, 150.0, 150.0, 150.0, 118, 150.0, 150.0, 
 69.70, 118, 156, 118, 121, 118, 121, 120, 153, 152, 123, 118, 120, 123, 118, 150.0, 150.0, 150.0, 118, 150.0, 150.0, 
 69.85, 118, 156, 118, 121, 118, 121, 120, 153, 152, 123, 118, 120, 123, 118, 150.0, 150.0, 150.0, 118, 150.0, 150.0, 
 69.95, 118, 150, 118, 121, 118, 121, 120, 153, 152, 123, 118, 120, 123, 118, 150.0, 150.0, 150.0, 118, 150.0, 150.0, 
 70.75, 118, 150, 118, 121, 118, 121, 120, 150, 152, 123, 118, 120, 123, 118, 150.0, 150.0, 150.0, 118, 150.0, 150.0, 
 71.40, 118, 150, 118, 121, 118, 121, 120, 150, 152, 123, 118, 120, 123, 118, 150.0, 150.0, 150.0, 118, 150.0, 150.0, 
 73.30, 118, 150, 118, 121, 118, 121, 120, 150, 150, 123, 118, 120, 123, 118, 150.0, 150.0, 150.0, 118, 150.0, 150.0, 
 80.30, 200, 150, 118, 121, 118, 121, 120, 150, 150, 123, 118, 120, 123, 118, 150.0, 150.0, 150.0, 118, 150.0, 150.0, 
 80.35, 200, 150, 118, 121, 118, 121, 120, 150, 150, 123, 118, 120, 123, 118, 150.0, 150.0, 150.0, 118, 150.0, 1, 
 80.40, 200, 150, 118, 121, 118, 121, 120, 150, 150, 123, 118, 120, 123, 118, 150.0, 150.0, 2, 118, 150.0, 1, 
 80.45, 200, 150, 198, 121, 118, 121, 120, 150, 150, 123, 118, 120, 123, 118, 150.0, 150.0, 2, 118, 150.0, 1, 
 80.50, 200, 150, 198, 121, 118, 121, 120, 150, 150, 123, 118, 120, 123, 118, 150.0, 150.0, 2, 118, 150.0, 4, 
 80.55, 200, 150, 198, 121, 118, 121, 120, 150, 150, 123, 118, 120, 123, 6, 150.0, 150.0, 2, 118, 150.0, 4, 
 80.60, 200, 150, 196, 121, 118, 121, 120, 150, 150, 123, 118, 120, 123, 6, 150.0, 150.0, 2, 118, 150.0, 4, 
 80.65, 200, 150, 196, 121, 118, 121, 120, 150, 194, 123, 118, 120, 123, 6, 150.0, 150.0, 2, 118, 150.0, 4, 
 80.70, 200, 192, 196, 121, 118, 121, 120, 150, 194, 123, 118, 120, 123, 6, 150.0, 150.0, 2, 118, 150.0, 4, 
 80.75, 200, 192, 97, 121, 118, 121, 120, 150, 194, 123, 118, 120, 123, 6, 150.0, 150.0, 2, 118, 150.0, 4, 
 80.80, 200, 94, 97, 121, 118, 121, 120, 150, 194, 123, 118, 120, 123, 6, 150.0, 150.0, 2, 118, 150.0, 4, 
 80.85, 200, 94, 97, 121, 118, 121, 120, 150, 50.0, 123, 118, 120, 123, 6, 150.0, 150.0, 2, 118, 150.0, 4, 
 80.90, 200, 94, 97, 121, 118, 121, 120, 150, 50.0, 123, 118, 120, 123, 6, 150.0, 8, 2, 118, 150.0, 4, 
 80.95, 200, 94, 97, 121, 118, 121, 120, 150, 50.0, 123, 118, 120, 123, 6, 150.0, 8, 2, 10, 150.0, 4, 
 81.00, 200, 94, 50.0, 121, 118, 121, 120, 150, 50.0, 123, 118, 120, 123, 6, 150.0, 8, 2, 10, 150.0, 4, 
 81.05, 200, 94, 50.0, 121, 50.0, 121, 120, 150, 50.0, 123, 118, 120, 123, 6, 150.0, 8, 2, 10, 150.0, 4, 
 81.10, 200, 94, 50.0, 121, 50.0, 121, 120, 150, 50.0, 123, 118, 120, 123, 6, 150.0, 8, 2, 10, 150.0, 4, 
 81.15, 200, 94, 50.0, 121, 50.0, 121, 50.0, 150, 50.0, 123, 118, 120, 123, 6, 150.0, 8, 2, 10, 150.0, 4, 
 81.20, 50.0, 94, 50.0, 121, 50.0, 121, 50.0, 150, 50.0, 123, 118, 120, 123, 6, 150.0, 8, 2, 10, 150.0, 4, 
 81.25, 50.0, 94, 50.0, 121, 50.0, 121, 50.0, 150, 50.0, 123, 118, 120, 123, 6, 150.0, 8, 11, 10, 150.0, 4, 
 81.30, 50.0, 94, 50.0, 121, 50.0, 121, 50.0, 150, 50.0, 123, 118, 120, 123, 6, 150.0, 8, 11, 10, 150.0, 12, 
 81.35, 50.0, 94, 50.0, 121, 50.0, 121, 50.0, 50.0, 50.0, 123, 118, 120, 123, 6, 150.0, 8, 11, 10, 150.0, 12, 
 81.40, 50.0, 94, 50.0, 121, 50.0, 121, 50.0, 50.0, 50.0, 123, 118, 13, 123, 6, 150.0, 8, 11, 10, 150.0, 12, 
 81.45, 50.0, 94, 50.0, 121, 50.0, 121, 50.0, 50.0, 50.0, 123, 118, 13, 14, 6, 150.0, 8, 11, 10, 150.0, 12, 
 81.50, 50.0, 94, 50.0, 121, 50.0, 121, 50.0, 50.0, 50.0, 123, 118, 13, 14, 6, 15, 8, 11, 10, 150.0, 12, 
 81.55, 50.0, 94, 50.0, 121, 50.0, 121, 50.0, 50.0, 50.0, 123, 16, 13, 14, 6, 15, 8, 11, 10, 150.0, 12, 
 81.60, 50.0, 94, 50.0, 121, 50.0, 121, 50.0, 50.0, 50.0, 123, 16, 13, 17, 6, 15, 8, 11, 10, 150.0, 12, 
 81.65, 50.0, 94, 50.0, 121, 50.0, 121, 50.0, 50.0, 50.0, 123, 16, 18, 17, 6, 15, 8, 11, 10, 150.0, 12, 
 81.70, 50.0, 94, 50.0, 121, 50.0, 121, 50.0, 50.0, 50.0, 123, 16, 18, 17, 6, 19, 8, 11, 10, 150.0, 12, 
 81.75, 50.0, 94, 50.0, 121, 50.0, 121, 50.0, 50.0, 50.0, 123, 16, 18, 17, 6, 19, 8, 11, 20, 150.0, 12, 
 81.80, 50.0, 94, 50.0, 121, 50.0, 121, 50.0, 50.0, 50.0, 123, 16, 18, 17, 6, 19, 8, 11, 20, 150.0, 12, 
 81.85, 50.0, 94, 50.0, 121, 50.0, 121, 50.0, 50.0, 50.0, 123, 16, 21, 17, 6, 19, 8, 11, 20, 150.0, 12, 
 81.90, 50.0, 94, 50.0, 121, 50.0, 50.0, 50.0, 50.0, 50.0, 123, 16, 21, 17, 6, 19, 8, 11, 20, 150.0, 12, 
 81.95, 50.0, 94, 50.0, 121, 50.0, 50.0, 50.0, 50.0, 50.0, 123, 16, 21, 17, 6, 19, 8, 22, 20, 150.0, 12, 
 82.00, 50.0, 94, 50.0, 121, 50.0, 50.0, 50.0, 50.0, 50.0, 123, 16, 21, 17, 6, 19, 8, 22, 20, 150.0, 12, 
 82.05, 50.0, 50.0, 50.0, 121, 50.0, 50.0, 50.0, 50.0, 50.0, 123, 16, 21, 17, 6, 19, 8, 22, 20, 150.0, 12, 
 82.10, 50.0, 50.0, 50.0, 121, 50.0, 50.0, 50.0, 50.0, 50.0, 123, 16, 21, 17, 6, 19, 8, 22, 20, 150.0, 12, 
 82.15, 50.0, 50.0, 50.0, 121, 50.0, 50.0, 50.0, 50.0, 50.0, 123, 16, 21, 17, 6, 19, 8, 22, 20, 23, 12, 
 82.20, 50.0, 50.0, 50.0, 121, 50.0, 50.0, 50.0, 50.0, 50.0, 123, 16, 21, 17, 6, 19, 8, 22, 20, 23, 12, 
 82.25, 50.0, 50.0, 50.0, 121, 50.0, 50.0, 50.0, 50.0, 50.0, 123, 16, 21, 17, 6, 19, 8, 22, 20, 23, 24, 
 82.30, 50.0, 50.0, 50.0, 121, 50.0, 50.0, 50.0, 50.0, 50.0, 123, 16, 21, 17, 6, 19, 8, 22, 20, 25, 24, 
 82.35, 50.0, 50.0, 50.0, 121, 50.0, 50.0, 50.0, 50.0, 50.0, 123, 16, 21, 17, 6, 19, 8, 22, 26, 25, 24, 
 82.40, 50.0, 50.0, 50.0, 121, 50.0, 50.0, 50.0, 50.0, 50.0, 123, 16, 27, 17, 6, 19, 8, 22, 26, 25, 24, 
 82.45, 50.0, 50.0, 50.0, 121, 50.0, 50.0, 50.0, 50.0, 50.0, 123, 16, 27, 17, 6, 19, 8, 22, 26, 25, 24, 
 82.50, 50.0, 50.0, 50.0, 121, 50.0, 50.0, 50.0, 50.0, 50.0, 123, 28, 27, 17, 6, 19, 8, 22, 26, 25, 24, 
 82.55, 50.0, 50.0, 50.0, 50.0, 50.0, 50.0, 50.0, 50.0, 50.0, 123, 28, 27, 17, 6, 19, 8, 22, 26, 25, 24, 
 82.60, 50.0, 50.0, 50.0, 50.0, 50.0, 50.0, 50.0, 50.0, 50.0, 123, 29, 27, 17, 6, 19, 8, 22, 26, 25, 24, 
 82.65, 50.0, 50.0, 50.0, 50.0, 50.0, 50.0, 50.0, 50.0, 50.0, 123, 29, 27, 17, 6, 19, 8, 22, 26, 25, 24, 
 82.70, 50.0, 50.0, 50.0, 50.0, 50.0, 50.0, 50.0, 50.0, 50.0, 123, 29, 27, 17, 6, 19, 8, 30, 26, 25, 24, 
 82.75, 50.0, 50.0, 50.0, 50.0, 50.0, 50.0, 50.0, 50.0, 50.0, 123, 29, 27, 17, 6, 19, 8, 30, 26, 25, 24, 
 82.80, 50.0, 50.0, 50.0, 50.0, 50.0, 50.0, 50.0, 50.0, 50.0, 123, 29, 27, 17, 6, 19, 8, 30, 26, 25, 24, 
 82.85, 50.0, 50.0, 50.0, 50.0, 50.0, 50.0, 50.0, 50.0, 50.0, 123, 29, 27, 17, 6, 19, 8, 30, 26, 25, 24, 
 82.90, 50.0, 50.0, 50.0, 50.0, 50.0, 50.0, 50.0, 50.0, 50.0, 123, 29, 27, 17, 6, 19, 8, 30, 26, 25, 24, 
 82.95, 50.0, 50.0, 50.0, 50.0, 50.0, 50.0, 50.0, 50.0, 50.0, 123, 29, 27, 17, 6, 19, 8, 30, 26, 25, 24, 
 83.00, 50.0, 50.0, 50.0, 50.0, 50.0, 50.0, 50.0, 50.0, 50.0, 123, 29, 27, 17, 6, 19, 8, 30, 26, 25, 24, 
 83.05, 50.0, 50.0, 50.0, 50.0, 50.0, 50.0, 50.0, 50.0, 50.0, 123, 31, 27, 17, 6, 19, 8, 30, 26, 25, 24, 
 83.10, 50.0, 50.0, 50.0, 50.0, 50.0, 50.0, 50.0, 50.0, 50.0, 123, 31, 27, 17, 6, 19, 8, 30, 26, 25, 32, 
 83.15, 50.0, 50.0, 50.0, 50.0, 50.0, 50.0, 50.0, 50.0, 50.0, 123, 31, 27, 17, 6, 19, 8, 30, 26, 25, 32, 
 83.20, 50.0, 50.0, 50.0, 50.0, 50.0, 50.0, 50.0, 50.0, 50.0, 123, 33, 27, 17, 6, 19, 8, 30, 26, 25, 32, 
 83.25, 50.0, 50.0, 50.0, 50.0, 50.0, 50.0, 50.0, 50.0, 50.0, 123, 33, 27, 17, 6, 19, 8, 30, 26, 25, 32, 
 83.30, 50.0, 50.0, 50.0, 50.0, 50.0, 50.0, 50.0, 50.0, 50.0, 123, 33, 27, 17, 6, 19, 8, 30, 26, 34, 32, 
 83.35, 50.0, 50.0, 50.0, 50.0, 50.0, 50.0, 50.0, 50.0, 50.0, 123, 33, 27, 17, 6, 19, 8, 30, 26, 34, 32, 
 83.40, 50.0, 50.0, 50.0, 50.0, 50.0, 50.0, 50.0, 50.0, 50.0, 123, 35, 27, 17, 6, 19, 8, 30, 26, 34, 32, 
 83.45, 50.0, 50.0, 50.0, 50.0, 50.0, 50.0, 50.0, 50.0, 50.0, 123, 35, 27, 17, 6, 19, 8, 30, 26, 34, 32, 
 83.50, 50.0, 50.0, 50.0, 50.0, 50.0, 50.0, 50.0, 50.0, 50.0, 123, 35, 27, 17, 6, 19, 8, 30, 36, 34, 32, 
 83.55, 50.0, 50.0, 50.0, 50.0, 50.0, 50.0, 50.0, 50.0, 50.0, 123, 35, 27, 17, 6, 19, 8, 30, 36, 34, 32, 
 83.60, 50.0, 50.0, 50.0, 50.0, 50.0, 50.0, 50.0, 50.0, 50.0, 123, 35, 27, 37, 6, 19, 8, 30, 36, 34, 32, 
 83.65, 50.0, 50.0, 50.0, 50.0, 50.0, 50.0, 50.0, 50.0, 50.0, 123, 35, 27, 37, 6, 38, 8, 30, 36, 34, 32, 
 83.70, 50.0, 50.0, 50.0, 50.0, 50.0, 50.0, 50.0, 50.0, 50.0, 123, 35, 27, 37, 6, 38, 8, 30, 36, 34, 32, 
 83.75, 50.0, 50.0, 50.0, 50.0, 50.0, 50.0, 50.0, 50.0, 50.0, 123, 35, 27, 37, 6, 38, 8, 30, 36, 34, 32, 
 83.80, 50.0, 50.0, 50.0, 50.0, 50.0, 50.0, 50.0, 50.0, 50.0, 50.0, 35, 27, 37, 6, 38, 8, 30, 36, 34, 32, 
 83.85, 50.0, 50.0, 50.0, 50.0, 50.0, 50.0, 50.0, 50.0, 50.0, 50.0, 35, 27, 37, 6, 38, 8, 30, 36, 34, 32, 
 83.90, 50.0, 50.0, 50.0, 50.0, 50.0, 50.0, 50.0, 50.0, 50.0, 50.0, 35, 27, 37, 6, 38, 8, 30, 36, 34, 39, 
 83.95, 50.0, 50.0, 50.0, 50.0, 50.0, 50.0, 50.0, 50.0, 50.0, 50.0, 35, 27, 37, 6, 38, 40, 30, 36, 34, 39, 
 84.00, 50.0, 50.0, 50.0, 50.0, 50.0, 50.0, 50.0, 50.0, 50.0, 50.0, 35, 27, 37, 6, 38, 40, 30, 36, 34, 39, 
 84.05, 50.0, 50.0, 50.0, 50.0, 50.0, 50.0, 50.0, 50.0, 50.0, 50.0, 35, 27, 37, 6, 38, 40, 30, 36, 34, 39, 
 84.10, 50.0, 50.0, 50.0, 50.0, 50.0, 50.0, 50.0, 50.0, 50.0, 50.0, 35, 27, 37, 6, 38, 40, 30, 36, 34, 39, 
 84.15, 50.0, 50.0, 50.0, 50.0, 50.0, 50.0, 50.0, 50.0, 50.0, 50.0, 35, 27, 37, 6, 38, 40, 30, 36, 34, 39, 
 84.20, 50.0, 50.0, 50.0, 50.0, 50.0, 50.0, 50.0, 50.0, 50.0, 50.0, 35, 27, 37, 6, 38, 40, 30, 36, 34, 39, 
 84.25, 50.0, 50.0, 50.0, 50.0, 50.0, 50.0, 50.0, 50.0, 50.0, 50.0, 35, 27, 37, 6, 38, 40, 30, 36, 34, 41, 
 84.30, 50.0, 50.0, 50.0, 50.0, 50.0, 50.0, 50.0, 50.0, 50.0, 50.0, 35, 27, 37, 6, 38, 40, 30, 36, 34, 41, 
 84.35, 50.0, 50.0, 50.0, 50.0, 50.0, 50.0, 50.0, 50.0, 50.0, 50.0, 35, 27, 37, 6, 38, 40, 30, 36, 34, 41, 
 84.40, 50.0, 50.0, 50.0, 50.0, 50.0, 50.0, 50.0, 50.0, 50.0, 50.0, 42, 27, 37, 6, 38, 40, 30, 36, 34, 41, 
 84.45, 50.0, 50.0, 50.0, 50.0, 50.0, 50.0, 50.0, 50.0, 50.0, 50.0, 42, 27, 37, 6, 43, 40, 30, 36, 34, 41, 
 84.50, 50.0, 50.0, 50.0, 50.0, 50.0, 50.0, 50.0, 50.0, 50.0, 50.0, 42, 27, 37, 6, 43, 40, 30, 36, 34, 41, 
 84.55, 50.0, 50.0, 50.0, 50.0, 50.0, 50.0, 50.0, 50.0, 50.0, 50.0, 42, 27, 37, 6, 43, 40, 30, 36, 34, 44, 
 84.60, 50.0, 50.0, 50.0, 50.0, 50.0, 50.0, 50.0, 50.0, 50.0, 50.0, 42, 27, 37, 6, 43, 40, 30, 36, 34, 44, 
 84.65, 50.0, 50.0, 50.0, 50.0, 50.0, 50.0, 50.0, 50.0, 50.0, 50.0, 42, 27, 37, 6, 43, 40, 30, 36, 34, 44, 
 84.70, 50.0, 50.0, 50.0, 50.0, 50.0, 50.0, 50.0, 50.0, 50.0, 50.0, 42, 27, 37, 6, 43, 40, 30, 36, 34, 44, 
 84.75, 50.0, 50.0, 50.0, 50.0, 50.0, 50.0, 50.0, 50.0, 50.0, 50.0, 42, 27, 37, 6, 43, 40, 30, 36, 34, 44, 
 84.80, 50.0, 50.0, 50.0, 50.0, 50.0, 50.0, 50.0, 50.0, 50.0, 50.0, 42, 27, 37, 6, 43, 40, 30, 36, 45, 44, 
 84.85, 50.0, 50.0, 50.0, 50.0, 50.0, 50.0, 50.0, 50.0, 50.0, 50.0, 42, 27, 37, 6, 43, 40, 30, 36, 45, 46, 
 84.90, 50.0, 50.0, 50.0, 50.0, 50.0, 50.0, 50.0, 50.0, 50.0, 50.0, 42, 27, 47, 6, 43, 40, 30, 36, 45, 46, 
 84.95, 50.0, 50.0, 50.0, 50.0, 50.0, 50.0, 50.0, 50.0, 50.0, 50.0, 42, 48, 47, 6, 43, 40, 30, 36, 45, 46, 
 85.00, 50.0, 50.0, 50.0, 50.0, 50.0, 50.0, 50.0, 50.0, 50.0, 50.0, 42, 48, 47, 6, 43, 40, 30, 36, 45, 46, 
 85.05, 50.0, 50.0, 50.0, 50.0, 50.0, 50.0, 50.0, 50.0, 50.0, 50.0, 42, 48, 47, 6, 43, 40, 30, 36, 45, 46, 
 85.10, 50.0, 50.0, 50.0, 50.0, 50.0, 50.0, 50.0, 50.0, 50.0, 50.0, 42, 48, 47, 6, 43, 40, 30, 36, 45, 46, 
 85.15, 50.0, 50.0, 50.0, 50.0, 50.0, 50.0, 50.0, 50.0, 50.0, 50.0, 42, 48, 47, 6, 43, 49, 30, 36, 45, 46, 
 85.20, 50.0, 50.0, 50.0, 50.0, 50.0, 50.0, 50.0, 50.0, 50.0, 50.0, 42, 48, 47, 6, 43, 49, 50, 36, 45, 46, 
 85.25, 50.0, 50.0, 50.0, 50.0, 50.0, 50.0, 50.0, 50.0, 50.0, 50.0, 42, 48, 47, 6, 43, 49, 50, 36, 45, 46, 
 85.30, 50.0, 50.0, 50.0, 50.0, 50.0, 50.0, 50.0, 50.0, 50.0, 50.0, 42, 48, 47, 6, 43, 49, 50, 50, 45, 46, 
 85.40, 50.0, 50.0, 50.0, 50.0, 50.0, 50.0, 50.0, 50.0, 50.0, 50.0, 50, 48, 47, 6, 43, 49, 50, 50, 45, 46, 
 85.45, 50.0, 50.0, 50.0, 50.0, 50.0, 50.0, 50.0, 50.0, 50.0, 50.0, 50, 48, 47, 6, 43, 49, 50, 50, 45, 46, 
 85.60, 50.0, 50.0, 50.0, 50.0, 50.0, 50.0, 50.0, 50.0, 50.0, 50.0, 50, 48, 47, 6, 50, 49, 50, 50, 45, 46, 
 85.70, 50.0, 50.0, 50.0, 50.0, 50.0, 50.0, 50.0, 50.0, 50.0, 50.0, 50, 48, 47, 6, 50, 49, 50, 50, 45, 46, 
 85.95, 50.0, 50.0, 50.0, 50.0, 50.0, 50.0, 50.0, 50.0, 50.0, 50.0, 50, 48, 47, 6, 50, 49, 50, 50, 45, 46, 
 86.10, 50.0, 50.0, 50.0, 50.0, 50.0, 50.0, 50.0, 50.0, 50.0, 50.0, 50, 48, 47, 6, 50, 49, 50, 50, 45, 50, 
 86.20, 50.0, 50.0, 50.0, 50.0, 50.0, 50.0, 50.0, 50.0, 50.0, 50.0, 50, 48, 47, 6, 50, 49, 50, 50, 45, 50, 
 86.25, 50.0, 50.0, 50.0, 50.0, 50.0, 50.0, 50.0, 50.0, 50.0, 50.0, 50, 50, 47, 6, 50, 49, 50, 50, 45, 50, 
 86.40, 50.0, 50.0, 50.0, 50.0, 50.0, 50.0, 50.0, 50.0, 50.0, 50.0, 50, 50, 47, 6, 50, 50, 50, 50, 45, 50, 
 86.50, 50.0, 50.0, 50.0, 50.0, 50.0, 50.0, 50.0, 50.0, 50.0, 50.0, 50, 50, 47, 6, 50, 50, 50, 50, 45, 50, 
 86.60, 50.0, 50.0, 50.0, 50.0, 50.0, 50.0, 50.0, 50.0, 50.0, 50.0, 50, 50, 47, 6, 50, 50, 50, 50, 45, 50, 
 86.75, 50.0, 50.0, 50.0, 50.0, 50.0, 50.0, 50.0, 50.0, 50.0, 50.0, 50, 50, 48, 6, 50, 50, 50, 50, 45, 50, 
 87.15, 50.0, 50.0, 50.0, 50.0, 50.0, 50.0, 50.0, 50.0, 50.0, 50.0, 50, 50, 48, 6, 50, 50, 50, 50, 45, 50, 
 87.20, 50.0, 50.0, 50.0, 50.0, 50.0, 50.0, 50.0, 50.0, 50.0, 50.0, 50, 50, 48, 6, 50, 50, 50, 50, 45, 50, 
 87.25, 50.0, 50.0, 50.0, 50.0, 50.0, 50.0, 50.0, 50.0, 50.0, 50.0, 50, 50, 48, 6, 50, 50, 50, 50, 45, 50, 
 87.30, 50.0, 50.0, 50.0, 50.0, 50.0, 50.0, 50.0, 50.0, 50.0, 50.0, 50, 50, 48, 6, 50, 50, 50, 50, 45, 50, 
 87.50, 50.0, 50.0, 50.0, 50.0, 50.0, 50.0, 50.0, 50.0, 50.0, 50.0, 50, 50, 48, 6, 50, 50, 50, 50, 49, 50, 
 87.60, 50.0, 50.0, 50.0, 50.0, 50.0, 50.0, 50.0, 50.0, 50.0, 50.0, 50, 50, 48, 6, 50, 50, 50, 50, 50, 50, 
 87.90, 50.0, 50.0, 50.0, 50.0, 50.0, 50.0, 50.0, 50.0, 50.0, 50.0, 50, 50, 48, 6, 50, 50, 50, 50, 50, 50, 
 88.40, 50.0, 50.0, 50.0, 50.0, 50.0, 50.0, 50.0, 50.0, 50.0, 50.0, 50, 50, 48, 49, 50, 50, 50, 50, 50, 50, 
 88.60, 50.0, 50.0, 50.0, 50.0, 50.0, 50.0, 50.0, 50.0, 50.0, 50.0, 50, 50, 50, 49, 50, 50, 50, 50, 50, 50, 
 89.05, 50.0, 50.0, 50.0, 50.0, 50.0, 50.0, 50.0, 50.0, 50.0, 50.0, 50, 50, 50, 49, 50, 50, 50, 50, 50, 50, 
 89.20, 50.0, 50.0, 50.0, 50.0, 50.0, 50.0, 50.0, 50.0, 50.0, 50.0, 50, 50, 50, 50, 50, 50, 50, 50, 50, 50, 
100.40, 50.0, 50.0, 50.0, 50.0, 50.0, 50.0, 50.0, 50.0, 50.0, 50.0, 50, 1, 50, 50, 50, 50, 50, 50, 50, 50, 
100.45, 50.0, 50.0, 50.0, 50.0, 200, 50.0, 50.0, 50.0, 50.0, 50.0, 50, 1, 50, 50, 50, 50, 50, 50, 50, 50, 
100.50, 50.0, 50.0, 50.0, 50.0, 200, 50.0, 50.0, 50.0, 197, 50.0, 50, 1, 50, 50, 50, 50, 50, 50, 50, 50, 
100.55, 50.0, 50.0, 50.0, 50.0, 200, 50.0, 50.0, 50.0, 197, 195, 50, 1, 50, 50, 50, 50, 50, 50, 50, 50, 
100.60, 50.0, 50.0, 50.0, 50.0, 200, 50.0, 50.0, 50.0, 197, 195, 50, 1, 50, 50, 50, 3, 50, 50, 50, 50, 
100.65, 50.0, 50.0, 50.0, 50.0, 200, 50.0, 50.0, 50.0, 197, 193, 50, 1, 50, 50, 50, 3, 50, 50, 50, 50, 
100.70, 50.0, 50.0, 50.0, 50.0, 200, 50.0, 50.0, 191, 197, 193, 50, 1, 50, 50, 50, 3, 50, 50, 50, 50, 
100.75, 50.0, 50.0, 50.0, 50.0, 200, 50.0, 50.0, 191, 197, 193, 50, 5, 50, 50, 50, 3, 50, 50, 50, 50, 
100.80, 50.0, 50.0, 50.0, 50.0, 200, 50.0, 189, 191, 197, 193, 50, 5, 50, 50, 50, 3, 50, 50, 50, 50, 
100.85, 50.0, 50.0, 50.0, 50.0, 200, 50.0, 189, 191, 197, 193, 50, 5, 50, 50, 50, 7, 50, 50, 50, 50, 
100.90, 50.0, 187, 50.0, 50.0, 200, 50.0, 189, 191, 197, 193, 50, 5, 50, 50, 50, 7, 50, 50, 50, 50, 
100.95, 50.0, 187, 50.0, 50.0, 200, 50.0, 189, 191, 197, 193, 50, 5, 50, 50, 50, 7, 50, 8, 50, 50, 
101.00, 50.0, 187, 50.0, 50.0, 200, 50.0, 189, 191, 197, 193, 9, 5, 50, 50, 50, 7, 50, 8, 50, 50, 
101.05, 50.0, 187, 50.0, 50.0, 96, 50.0, 189, 191, 197, 193, 9, 5, 50, 50, 50, 7, 50, 8, 50, 50, 
101.10, 50.0, 187, 50.0, 50.0, 96, 50.0, 189, 191, 197, 193, 9, 5, 50, 50, 50, 7, 50, 8, 50, 10, 
101.15, 50.0, 187, 50.0, 50.0, 96, 50.0, 189, 191, 197, 193, 9, 5, 50, 12, 50, 7, 50, 8, 50, 10, 
101.20, 50.0, 187, 50.0, 50.0, 96, 50.0, 189, 191, 197, 193, 9, 5, 50, 12, 50, 7, 50, 8, 14, 10, 
101.25, 50.0, 187, 95, 50.0, 96, 50.0, 189, 191, 197, 193, 9, 5, 50, 12, 50, 7, 50, 8, 14, 10, 
101.30, 50.0, 187, 95, 50.0, 94, 50.0, 189, 191, 197, 193, 9, 5, 50, 12, 50, 7, 50, 8, 14, 10, 
101.35, 50.0, 187, 95, 93, 94, 50.0, 189, 191, 197, 193, 9, 5, 50, 12, 50, 7, 50, 8, 14, 10, 
101.40, 50.0, 187, 95, 93, 94, 50.0, 189, 191, 197, 193, 9, 5, 50, 12, 50, 7, 54, 8, 14, 10, 
101.45, 50.0, 187, 95, 93, 94, 50.0, 189, 191, 197, 193, 9, 55, 50, 12, 50, 7, 54, 8, 14, 10, 
101.50, 50.0, 187, 95, 93, 94, 50.0, 189, 191, 197, 193, 9, 55, 50, 12, 50, 7, 54, 8, 14, 57, 
101.55, 50.0, 187, 95, 91, 94, 50.0, 189, 191, 197, 193, 9, 55, 50, 12, 50, 7, 54, 8, 14, 57, 
101.60, 50.0, 187, 95, 91, 94, 50.0, 189, 191, 197, 193, 9, 55, 50, 59, 50, 7, 54, 8, 14, 57, 
101.65, 50.0, 89, 95, 91, 94, 50.0, 189, 191, 197, 193, 9, 55, 50, 59, 50, 7, 54, 8, 14, 57, 
101.70, 50.0, 89, 95, 91, 94, 50.0, 189, 191, 197, 193, 9, 55, 60, 59, 50, 7, 54, 8, 14, 57, 
101.75, 50.0, 89, 95, 91, 94, 50.0, 189, 191, 197, 193, 9, 55, 60, 59, 50, 7, 54, 8, 61, 57, 
101.80, 87, 89, 95, 91, 94, 50.0, 189, 191, 197, 193, 9, 55, 60, 59, 50, 7, 54, 8, 61, 57, 
101.85, 87, 89, 95, 91, 94, 50.0, 189, 191, 197, 193, 75, 55, 60, 59, 50, 7, 54, 8, 61, 57, 
101.90, 87, 89, 95, 91, 94, 85, 189, 191, 197, 193, 75, 55, 60, 59, 50, 7, 54, 8, 61, 57, 
101.95, 87, 89, 95, 91, 94, 85, 189, 191, 197, 193, 75, 55, 60, 59, 50, 77, 54, 8, 61, 57, 
102.00, 87, 83, 95, 91, 94, 85, 189, 191, 197, 193, 75, 55, 60, 59, 50, 77, 54, 8, 61, 57, 
102.05, 87, 83, 95, 91, 94, 85, 189, 191, 197, 193, 75, 55, 60, 59, 78, 77, 54, 8, 61, 57, 
102.10, 87, 83, 95, 91, 94, 85, 78, 191, 197, 193, 75, 55, 60, 59, 78, 77, 54, 8, 61, 57, 
102.15, 87, 83, 95, 91, 94, 85, 78, 191, 197, 193, 75, 55, 60, 78, 78, 77, 54, 8, 61, 57, 
102.20, 87, 83, 95, 91, 78, 85, 78, 191, 197, 193, 75, 55, 60, 78, 78, 77, 54, 8, 61, 57, 
102.25, 87, 83, 95, 91, 78, 85, 78, 191, 197, 193, 75, 55, 60, 78, 78, 77, 54, 78, 61, 57, 
102.30, 87, 83, 95, 91, 78, 85, 78, 191, 197, 193, 75, 55, 79, 78, 78, 77, 54, 78, 61, 57, 
102.35, 87, 83, 95, 91, 78, 85, 78, 191, 197, 193, 75, 80, 79, 78, 78, 77, 54, 78, 61, 57, 
102.40, 79, 83, 95, 91, 78, 85, 78, 191, 197, 193, 75, 80, 79, 78, 78, 77, 54, 78, 61, 57, 
102.45, 79, 83, 95, 91, 78, 85, 78, 191, 197, 193, 75, 80, 79, 78, 78, 77, 54, 78, 80, 57, 
102.50, 79, 83, 95, 91, 78, 85, 78, 191, 197, 193, 75, 80, 79, 78, 78, 77, 54, 81, 80, 57, 
102.55, 79, 83, 95, 91, 78, 85, 78, 191, 197, 193, 75, 80, 79, 78, 78, 77, 54, 81, 82, 57, 
102.60, 79, 83, 80, 91, 78, 85, 78, 191, 197, 193, 75, 80, 79, 78, 78, 77, 54, 81, 82, 57, 
102.70, 79, 83, 80, 91, 78, 85, 78, 80, 197, 193, 75, 80, 79, 78, 78, 77, 54, 81, 82, 57, 
102.75, 79, 83, 80, 91, 78, 80, 78, 80, 197, 193, 75, 80, 79, 78, 78, 77, 54, 81, 82, 57, 
102.80, 79, 83, 80, 91, 78, 80, 78, 80, 197, 193, 83, 80, 79, 78, 78, 77, 54, 81, 82, 57, 
102.85, 79, 83, 80, 91, 78, 80, 78, 80, 197, 193, 83, 80, 79, 78, 78, 77, 54, 81, 82, 83, 
103.10, 79, 83, 80, 91, 78, 80, 78, 80, 197, 193, 83, 80, 79, 78, 78, 77, 83, 81, 82, 83, 
103.15, 79, 83, 80, 91, 78, 80, 78, 80, 197, 193, 83, 80, 79, 78, 78, 77, 83, 81, 83, 83, 
103.25, 79, 83, 80, 91, 78, 80, 78, 80, 197, 193, 83, 80, 79, 78, 78, 83, 83, 81, 83, 83, 
103.40, 79, 83, 80, 91, 78, 80, 78, 80, 197, 89, 83, 80, 79, 78, 78, 83, 83, 81, 83, 83, 
103.45, 79, 83, 80, 91, 78, 80, 78, 80, 197, 89, 83, 80, 85, 78, 78, 83, 83, 81, 83, 83, 
103.75, 79, 83, 80, 91, 78, 80, 78, 80, 197, 87, 83, 80, 85, 78, 78, 83, 83, 81, 83, 83, 
103.95, 79, 83, 80, 91, 78, 80, 78, 80, 85, 87, 83, 80, 85, 78, 78, 83, 83, 81, 83, 83, 
104.35, 79, 83, 80, 91, 78, 80, 78, 80, 85, 87, 83, 80, 85, 78, 78, 83, 83, 85, 83, 83, 
105.80, 79, 83, 80, 91, 78, 80, 78, 80, 85, 85, 83, 80, 85, 78, 78, 83, 83, 85, 83, 83, 
105.95, 79, 83, 80, 91, 78, 80, 78, 80, 85, 85, 83, 80, 85, 78, 78, 85, 83, 85, 83, 83, 
106.35, 79, 83, 80, 89, 78, 80, 78, 80, 85, 85, 83, 80, 85, 78, 78, 85, 83, 85, 83, 83, 
106.45, 79, 83, 80, 89, 78, 80, 78, 80, 85, 85, 83, 80, 85, 78, 78, 87, 83, 85, 83, 83, 
107.15, 79, 83, 80, 87, 78, 80, 78, 80, 85, 85, 83, 80, 85, 78, 78, 87, 83, 85, 83, 83, 
